Workbook
Name dob: #REF!
Name end: #REF!
Name sign: #REF!
Name start: #REF!
Name symbol: #REF!

Sheet Data
A1: Name | B1: Country | C1: Starting year | D1: End year | E1: Years active | F1: Birthdate | G1: Gender | H1: Zodiac sign | I1: Proven victims
A2: Luis Garavito | B2: Colombia | C2: 1992 | D2: 1999 | E2: =Table1[[#This Row],[End year]]-Table1[[#This Row],[Starting year]] -> 7 | F2: 20845 | G2: M | H2: =VLOOKUP(DATE(2023,MONTH(F2),DAY(F2)),Signs!A:C,3) -> Aquarius | I2: 193
A3: Pedro López | B3: Colombia | C3: 1969 | D3: 1979 | E3: =Table1[[#This Row],[End year]]-Table1[[#This Row],[Starting year]] -> 10 | F3: 17814 | G3: M | H3: =VLOOKUP(DATE(2023,MONTH(F3),DAY(F3)),Signs!A:C,3) -> Libra | I3: 110
A4: Miyuki Ishikawa | B4: Japan | C4: 1944 | D4: 1948 | E4: =Table1[[#This Row],[End year]]-Table1[[#This Row],[Starting year]] -> 4 | F4: Unknown | G4: F | H4: Unknown | I4: 103
A5: Javed Iqbal | B5: Pakistan | C5: 1998 | D5: 1999 | E5: =Table1[[#This Row],[End year]]-Table1[[#This Row],[Starting year]] -> 1 | F5: Unknown | G5: M | H5: Unknown | I5: 100
A6: Mikhail Popkov | B6: Russia | C6: 1992 | D6: 2010 | E6: =Table1[[#This Row],[End year]]-Table1[[#This Row],[Starting year]] -> 18 | F6: 23443 | G6: M | H6: =VLOOKUP(DATE(2023,MONTH(F6),DAY(F6)),Signs!A:C,3) -> Pisces | I6: 83
A7: Daniel Camargo Barbosa | B7: Colombia | C7: 1974 | D7: 1986 | E7: =Table1[[#This Row],[End year]]-Table1[[#This Row],[Starting year]] -> 12 | F7: 10980 | G7: M | H7: =VLOOKUP(DATE(2023,MONTH(F7),DAY(F7)),Signs!A:C,3) -> Aquarius | I7: 72
A8: Pedro Rodrigues Filho | B8: Brazil | C8: 1967 | D8: 2003 | E8: =Table1[[#This Row],[End year]]-Table1[[#This Row],[Starting year]] -> 36 | F8: 20026 | G8: M | H8: =VLOOKUP(DATE(2023,MONTH(F8),DAY(F8)),Signs!A:C,3) -> Scorpio | I8: 71
A9: Kampatimar Shankariya | B9: India | C9: 1977 | D9: 1978 | E9: =Table1[[#This Row],[End year]]-Table1[[#This Row],[Starting year]] -> 1 | F9: Unknown | G9: M | H9: Unknown | I9: 70
A10: Yang Xinhai | B10: China | C10: 2000 | D10: 2003 | E10: =Table1[[#This Row],[End year]]-Table1[[#This Row],[Starting year]] -> 3 | F10: 25036 | G10: M | H10: =VLOOKUP(DATE(2023,MONTH(F10),DAY(F10)),Signs!A:C,3) -> Cancer | I10: 67
A11: Samuel Little | B11: United States | C11: 1970 | D11: 2005 | E11: =Table1[[#This Row],[End year]]-Table1[[#This Row],[Starting year]] -> 35 | F11: 14769 | G11: M | H11: =VLOOKUP(DATE(2023,MONTH(F11),DAY(F11)),Signs!A:C,3) -> Gemini | I11: 60
A12: Giuseppe Greco | B12: Italy | C12: 1981 | D12: 1983 | E12: =Table1[[#This Row],[End year]]-Table1[[#This Row],[Starting year]] -> 2 | F12: 18997 | G12: M | H12: =VLOOKUP(DATE(2023,MONTH(F12),DAY(F12)),Signs!A:C,3) -> Capricorn | I12: 58
A13: Andrei Chikatilo | B13: Russia | C13: 1978 | D13: 1990 | E13: =Table1[[#This Row],[End year]]-Table1[[#This Row],[Starting year]] -> 12 | F13: 13439 | G13: M | H13: =VLOOKUP(DATE(2023,MONTH(F13),DAY(F13)),Signs!A:C,3) -> Libra | I13: 53
A14: Anatoly Onoprienko | B14: Ukraine | C14: 1989 | D14: 1996 | E14: =Table1[[#This Row],[End year]]-Table1[[#This Row],[Starting year]] -> 7 | F14: 25409 | G14: M | H14: =VLOOKUP(DATE(2023,MONTH(F14),DAY(F14)),Signs!A:C,3) -> Leo | I14: 52
A15: Ivan Maleshoff | B15: Russia | C15: 1934 | D15: 1935 | E15: =Table1[[#This Row],[End year]]-Table1[[#This Row],[Starting year]] -> 1 | F15: Unknown | G15: M | H15: Unknown | I15: 50
A16: Florisvaldo de Oliveira | B16: Brazil | C16: 1982 | D16: 1982 | E16: =Table1[[#This Row],[End year]]-Table1[[#This Row],[Starting year]] -> 0 | F16: 21507 | G16: M | H16: =VLOOKUP(DATE(2023,MONTH(F16),DAY(F16)),Signs!A:C,3) -> Scorpio | I16: 50
A17: Willy Pickton | B17: Canada | C17: 1983 | D17: 2002 | E17: =Table1[[#This Row],[End year]]-Table1[[#This Row],[Starting year]] -> 19 | F17: 18195 | G17: M | H17: =VLOOKUP(DATE(2023,MONTH(F17),DAY(F17)),Signs!A:C,3) -> Scorpio | I17: 49
A18: Gary Ridgway | B18: United States | C18: 1982 | D18: 2000 | E18: =Table1[[#This Row],[End year]]-Table1[[#This Row],[Starting year]] -> 18 | F18: 17947 | G18: M | H18: =VLOOKUP(DATE(2023,MONTH(F18),DAY(F18)),Signs!A:C,3) -> Aquarius | I18: 49
A19: Alexander Pichushkin | B19: Russia | C19: 1992 | D19: 2006 | E19: =Table1[[#This Row],[End year]]-Table1[[#This Row],[Starting year]] -> 14 | F19: 27128 | G19: M | H19: =VLOOKUP(DATE(2023,MONTH(F19),DAY(F19)),Signs!A:C,3) -> Aries | I19: 48
A20: Wang Qiang | B20: China | C20: 1995 | D20: 2003 | E20: =Table1[[#This Row],[End year]]-Table1[[#This Row],[Starting year]] -> 8 | F20: 27410 | G20: M | H20: =VLOOKUP(DATE(2023,MONTH(F20),DAY(F20)),Signs!A:C,3) -> Capricorn | I20: 45
A21: Ahmad Suradji | B21: Indonesia | C21: 1986 | D21: 1997 | E21: =Table1[[#This Row],[End year]]-Table1[[#This Row],[Starting year]] -> 11 | F21: 17908 | G21: M | H21: =VLOOKUP(DATE(2023,MONTH(F21),DAY(F21)),Signs!A:C,3) -> Capricorn | I21: 42
A22: Raman Raghav | B22: India | C22: 1965 | D22: 1968 | E22: =Table1[[#This Row],[End year]]-Table1[[#This Row],[Starting year]] -> 3 | F22: Unknown | G22: M | H22: Unknown | I22: 41
A23: Tiago Henrique Gomes da Rocha | B23: Brazil | C23: 2011 | D23: 2014 | E23: =Table1[[#This Row],[End year]]-Table1[[#This Row],[Starting year]] -> 3 | F23: 32177 | G23: M | H23: =VLOOKUP(DATE(2023,MONTH(F23),DAY(F23)),Signs!A:C,3) -> Aquarius | I23: 39
A24: Moses Sithole | B24: South Africa | C24: 1994 | D24: 1995 | E24: =Table1[[#This Row],[End year]]-Table1[[#This Row],[Starting year]] -> 1 | F24: 23698 | G24: M | H24: =VLOOKUP(DATE(2023,MONTH(F24),DAY(F24)),Signs!A:C,3) -> Scorpio | I24: 38
A25: Serhiy Tkach | B25: Russia | C25: 1984 | D25: 2005 | E25: =Table1[[#This Row],[End year]]-Table1[[#This Row],[Starting year]] -> 21 | F25: 19252 | G25: M | H25: =VLOOKUP(DATE(2023,MONTH(F25),DAY(F25)),Signs!A:C,3) -> Virgo | I25: 36
A26: Gennady Mikhasevich | B26: Russia | C26: 1971 | D26: 1985 | E26: =Table1[[#This Row],[End year]]-Table1[[#This Row],[Starting year]] -> 14 | F26: 17264 | G26: M | H26: =VLOOKUP(DATE(2023,MONTH(F26),DAY(F26)),Signs!A:C,3) -> Aries | I26: 36
A27: Hadj Mohammed Mesfewi | B27: Morocco | C27: 1906 | D27: 1906 | E27: =Table1[[#This Row],[End year]]-Table1[[#This Row],[Starting year]] -> 0 | F27: Unknown | G27: M | H27: Unknown | I27: 36
A28: Vera Renczi | B28: Kingdom of Romania | C28: 1920 | D28: 1930 | E28: =Table1[[#This Row],[End year]]-Table1[[#This Row],[Starting year]] -> 10 | F28: Unknown | G28: F | H28: Unknown | I28: 35
A29: Ted Bundy | B29: United States | C29: 1974 | D29: 1978 | E29: =Table1[[#This Row],[End year]]-Table1[[#This Row],[Starting year]] -> 4 | F29: 17130 | G29: M | H29: =VLOOKUP(DATE(2023,MONTH(F29),DAY(F29)),Signs!A:C,3) -> Sagittarius | I29: 35
A30: Clementine Barnabet | B30: United States | C30: 1911 | D30: 1911 | E30: =Table1[[#This Row],[End year]]-Table1[[#This Row],[Starting year]] -> 0 | F30: Unknown | G30: F | H30: Unknown | I30: 35
A31: John Wayne Gacy | B31: United States | C31: 1972 | D31: 1978 | E31: =Table1[[#This Row],[End year]]-Table1[[#This Row],[Starting year]] -> 6 | F31: 15417 | G31: M | H31: =VLOOKUP(DATE(2023,MONTH(F31),DAY(F31)),Signs!A:C,3) -> Pisces | I31: 33
A32: Ali Asghar Borujerdi | B32: Iran | C32: 1907 | D32: 1934 | E32: =Table1[[#This Row],[End year]]-Table1[[#This Row],[Starting year]] -> 27 | F32: Unknown | G32: M | H32: Unknown | I32: 33
A33: Vasili Komaroff | B33: Russia | C33: 1921 | D33: 1923 | E33: =Table1[[#This Row],[End year]]-Table1[[#This Row],[Starting year]] -> 2 | F33: 44927 | G33: M | H33: =VLOOKUP(DATE(2023,MONTH(F33),DAY(F33)),Signs!A:C,3) -> Capricorn | I33: 33
A34: Fernando Hernández Leyva | B34: Mexico | C34: 1982 | D34: 1999 | E34: =Table1[[#This Row],[End year]]-Table1[[#This Row],[Starting year]] -> 17 | F34: 23711 | G34: M | H34: =VLOOKUP(DATE(2023,MONTH(F34),DAY(F34)),Signs!A:C,3) -> Sagittarius | I34: 33
A35: Ramadan Abdel Rehim Mansour | B35: Egypt | C35: 1999 | D35: 2006 | E35: =Table1[[#This Row],[End year]]-Table1[[#This Row],[Starting year]] -> 7 | F35: Unknown | G35: M | H35: Unknown | I35: 32
A36: Radik Tagirov | B36: Russia | C36: 2011 | D36: 2012 | E36: =Table1[[#This Row],[End year]]-Table1[[#This Row],[Starting year]] -> 1 | F36: 34059 | G36: M | H36: =VLOOKUP(DATE(2023,MONTH(F36),DAY(F36)),Signs!A:C,3) -> Aries | I36: 32
A37: Karl Denke | B37: Germany | C37: 1900 | D37: 1924 | E37: =Table1[[#This Row],[End year]]-Table1[[#This Row],[Starting year]] -> 24 | F37: 44968 | G37: M | H37: =VLOOKUP(DATE(2023,MONTH(F37),DAY(F37)),Signs!A:C,3) -> Aquarius | I37: 30
A38: Francisco das Chagas Rodrigues de Brito | B38: Brazil | C38: 1989 | D38: 2003 | E38: =Table1[[#This Row],[End year]]-Table1[[#This Row],[Starting year]] -> 14 | F38: Unknown | G38: M | H38: Unknown | I38: 30
A39: Luis Gregorio Ramírez Maestre | B39: Colombia | C39: 2010 | D39: 2013 | E39: =Table1[[#This Row],[End year]]-Table1[[#This Row],[Starting year]] -> 3 | F39: 29494 | G39: M | H39: =VLOOKUP(DATE(2023,MONTH(F39),DAY(F39)),Signs!A:C,3) -> Libra | I39: 30
A40: David Thabo Simelane | B40: Swaziland | C40: 2000 | D40: 2001 | E40: =Table1[[#This Row],[End year]]-Table1[[#This Row],[Starting year]] -> 1 | F40: Unknown | G40: M | H40: Unknown | I40: 28
A41: Zhang Jun | B41: China | C41: 1993 | D41: 2000 | E41: =Table1[[#This Row],[End year]]-Table1[[#This Row],[Starting year]] -> 7 | F41: 24324 | G41: M | H41: =VLOOKUP(DATE(2023,MONTH(F41),DAY(F41)),Signs!A:C,3) -> Leo | I41: 28
A42: Cedric Maake | B42: South Africa | C42: 1996 | D42: 1997 | E42: =Table1[[#This Row],[End year]]-Table1[[#This Row],[Starting year]] -> 1 | F42: Unknown | G42: M | H42: Unknown | I42: 27
A43: Mariam Soulakiotis | B43: Greece | C43: 1939 | D43: 1951 | E43: =Table1[[#This Row],[End year]]-Table1[[#This Row],[Starting year]] -> 12 | F43: Unknown | G43: M | H43: Unknown | I43: 27
A44: Bruce George Peter Lee | B44: United Kingdom | C44: 1973 | D44: 1979 | E44: =Table1[[#This Row],[End year]]-Table1[[#This Row],[Starting year]] -> 6 | F44: 22128 | G44: M | H44: =VLOOKUP(DATE(2023,MONTH(F44),DAY(F44)),Signs!A:C,3) -> Leo | I44: 26
A45: The Stoneman | B45: India | C45: 1985 | D45: 1989 | E45: =Table1[[#This Row],[End year]]-Table1[[#This Row],[Starting year]] -> 4 | F45: Unknown | G45: U | H45: Unknown | I45: 25
A46: Juan Corona | B46: United States | C46: 1971 | D46: 1971 | E46: =Table1[[#This Row],[End year]]-Table1[[#This Row],[Starting year]] -> 0 | F46: 12457 | G46: M | H46: =VLOOKUP(DATE(2023,MONTH(F46),DAY(F46)),Signs!A:C,3) -> Aquarius | I46: 25
A47: Fritz Haarmann | B47: Germany | C47: 1918 | D47: 1924 | E47: =Table1[[#This Row],[End year]]-Table1[[#This Row],[Starting year]] -> 6 | F47: 29153 | G47: M | H47: =VLOOKUP(DATE(2023,MONTH(F47),DAY(F47)),Signs!A:C,3) -> Scorpio | I47: 24
A48: Béla Kiss | B48: Hungary | C48: 1912 | D48: 1916 | E48: =Table1[[#This Row],[End year]]-Table1[[#This Row],[Starting year]] -> 4 | F48: Unknown | G48: M | H48: Unknown | I48: 24
A49: Majid Salek Mohammadi | B49: Iran | C49: 1981 | D49: 1985 | E49: =Table1[[#This Row],[End year]]-Table1[[#This Row],[Starting year]] -> 4 | F49: Unknown | G49: M | H49: Unknown | I49: 24
A50: Yvan Keller | B50: France | C50: 1989 | D50: 2006 | E50: =Table1[[#This Row],[End year]]-Table1[[#This Row],[Starting year]] -> 17 | F50: 22263 | G50: M | H50: =VLOOKUP(DATE(2023,MONTH(F50),DAY(F50)),Signs!A:C,3) -> Sagittarius | I50: 23
A51: Ronald Dominique | B51: United States | C51: 1997 | D51: 2006 | E51: =Table1[[#This Row],[End year]]-Table1[[#This Row],[Starting year]] -> 9 | F51: 23385 | G51: M | H51: =VLOOKUP(DATE(2023,MONTH(F51),DAY(F51)),Signs!A:C,3) -> Capricorn | I51: 23
A52: Juan Fernando Hermosa | B52: Ecuador | C52: 1991 | D52: 1992 | E52: =Table1[[#This Row],[End year]]-Table1[[#This Row],[Starting year]] -> 1 | F52: 27818 | G52: M | H52: =VLOOKUP(DATE(2023,MONTH(F52),DAY(F52)),Signs!A:C,3) -> Pisces | I52: 23
A53: Earle Nelson | B53: United States | C53: 1926 | D53: 1927 | E53: =Table1[[#This Row],[End year]]-Table1[[#This Row],[Starting year]] -> 1 | F53: 35562 | G53: M | H53: =VLOOKUP(DATE(2023,MONTH(F53),DAY(F53)),Signs!A:C,3) -> Taurus | I53: 22
A54: Mikhail Novosyolov | B54: Russia | C54: 1977 | D54: 1995 | E54: =Table1[[#This Row],[End year]]-Table1[[#This Row],[Starting year]] -> 18 | F54: 26799 | G54: M | H54: =VLOOKUP(DATE(2023,MONTH(F54),DAY(F54)),Signs!A:C,3) -> Taurus | I54: 22
A55: Manuel Octavio Bermúdez | B55: Colombia | C55: 1999 | D55: 2003 | E55: =Table1[[#This Row],[End year]]-Table1[[#This Row],[Starting year]] -> 4 | F55: 22569 | G55: M | H55: =VLOOKUP(DATE(2023,MONTH(F55),DAY(F55)),Signs!A:C,3) -> Libra | I55: 21
A56: Patrick Kearney | B56: United States | C56: 1965 | D56: 1977 | E56: =Table1[[#This Row],[End year]]-Table1[[#This Row],[Starting year]] -> 12 | F56: 14512 | G56: M | H56: =VLOOKUP(DATE(2023,MONTH(F56),DAY(F56)),Signs!A:C,3) -> Libra | I56: 21
A57: William Bonin | B57: United States | C57: 1979 | D57: 1980 | E57: =Table1[[#This Row],[End year]]-Table1[[#This Row],[Starting year]] -> 1 | F57: 17175 | G57: M | H57: =VLOOKUP(DATE(2023,MONTH(F57),DAY(F57)),Signs!A:C,3) -> Capricorn | I57: 21
A58: Vasile Tcaciuc | B58: Romania | C58: 1917 | D58: 1935 | E58: =Table1[[#This Row],[End year]]-Table1[[#This Row],[Starting year]] -> 18 | F58: Unknown | G58: M | H58: Unknown | I58: 21
A59: Yoo Young-chul | B59: South Korea | C59: 2003 | D59: 2004 | E59: =Table1[[#This Row],[End year]]-Table1[[#This Row],[Starting year]] -> 1 | F59: 25676 | G59: M | H59: =VLOOKUP(DATE(2023,MONTH(F59),DAY(F59)),Signs!A:C,3) -> Aries | I59: 21
A60: Francisco Guerrero Pérez | B60: Mexico | C60: 1880 | D60: 1908 | E60: =Table1[[#This Row],[End year]]-Table1[[#This Row],[Starting year]] -> 28 | F60: Unknown | G60: M | H60: Unknown | I60: 21
A61: Abdullah Shah | B61: Afghanistan | C61: 1990 | D61: 2002 | E61: =Table1[[#This Row],[End year]]-Table1[[#This Row],[Starting year]] -> 12 | F61: Unknown | G61: M | H61: Unknown | I61: 20
A62: José Paz Bezerra | B62: Brazil | C62: 1970 | D62: 1971 | E62: =Table1[[#This Row],[End year]]-Table1[[#This Row],[Starting year]] -> 1 | F62: 16783 | G62: M | H62: =VLOOKUP(DATE(2023,MONTH(F62),DAY(F62)),Signs!A:C,3) -> Sagittarius | I62: 20
A63: Bulelani Mabhayi | B63: South Africa | C63: 2007 | D63: 2012 | E63: =Table1[[#This Row],[End year]]-Table1[[#This Row],[Starting year]] -> 5 | F63: Unknown | G63: M | H63: Unknown | I63: 20
A64: Mohan Kumar | B64: India | C64: 2005 | D64: 2009 | E64: =Table1[[#This Row],[End year]]-Table1[[#This Row],[Starting year]] -> 4 | F64: 12571 | G64: M | H64: =VLOOKUP(DATE(2023,MONTH(F64),DAY(F64)),Signs!A:C,3) -> Gemini | I64: 20
A65: Alexander Spesivtsev | B65: Russia | C65: 1991 | D65: 1996 | E65: =Table1[[#This Row],[End year]]-Table1[[#This Row],[Starting year]] -> 5 | F65: 25628 | G65: M | H65: =VLOOKUP(DATE(2023,MONTH(F65),DAY(F65)),Signs!A:C,3) -> Pisces | I65: 19
A66: Larry Eyler | B66: United States | C66: 1982 | D66: 1984 | E66: =Table1[[#This Row],[End year]]-Table1[[#This Row],[Starting year]] -> 2 | F66: 19349 | G66: M | H66: =VLOOKUP(DATE(2023,MONTH(F66),DAY(F66)),Signs!A:C,3) -> Sagittarius | I66: 19
A67: Surinder Koli | B67: India | C67: 2005 | D67: 2006 | E67: =Table1[[#This Row],[End year]]-Table1[[#This Row],[Starting year]] -> 1 | F67: Unknown | G67: M | H67: Unknown | I67: 19
A68: El Psicópata | B68: Costa Rica | C68: 1986 | D68: 1996 | E68: =Table1[[#This Row],[End year]]-Table1[[#This Row],[Starting year]] -> 10 | F68: Unknown | G68: U | H68: Unknown | I68: 19
A69: Sergei Ryakhovsky | B69: Russia | C69: 1988 | D69: 1993 | E69: =Table1[[#This Row],[End year]]-Table1[[#This Row],[Starting year]] -> 5 | F69: 23009 | G69: M | H69: =VLOOKUP(DATE(2023,MONTH(F69),DAY(F69)),Signs!A:C,3) -> Capricorn | I69: 19
A70: Yevgeny Chuplinsky | B70: Russia | C70: 1998 | D70: 2006 | E70: =Table1[[#This Row],[End year]]-Table1[[#This Row],[Starting year]] -> 8 | F70: 23815 | G70: M | H70: =VLOOKUP(DATE(2023,MONTH(F70),DAY(F70)),Signs!A:C,3) -> Pisces | I70: 19
A71: M. Jaishankar | B71: India | C71: 2008 | D71: 2011 | E71: =Table1[[#This Row],[End year]]-Table1[[#This Row],[Starting year]] -> 3 | F71: Unknown | G71: M | H71: Unknown | I71: 19
A72: Ansis Kaupēns | B72: Latvia | C72: 1920 | D72: 1926 | E72: =Table1[[#This Row],[End year]]-Table1[[#This Row],[Starting year]] -> 6 | F72: 35005 | G72: M | H72: =VLOOKUP(DATE(2023,MONTH(F72),DAY(F72)),Signs!A:C,3) -> Scorpio | I72: 19
A73: Vadim Ershov | B73: Russia | C73: 1992 | D73: 1995 | E73: =Table1[[#This Row],[End year]]-Table1[[#This Row],[Starting year]] -> 3 | F73: 26710 | G73: M | H73: =VLOOKUP(DATE(2023,MONTH(F73),DAY(F73)),Signs!A:C,3) -> Aquarius | I73: 19
A74: Velaphi Ndlangamandla | B74: South Africa | C74: 1998 | D74: 1998 | E74: =Table1[[#This Row],[End year]]-Table1[[#This Row],[Starting year]] -> 0 | F74: Unknown | G74: M | H74: Unknown | I74: 19
A75: Yavuz Yapıcıoğlu | B75: Turkey | C75: 1994 | D75: 2002 | E75: =Table1[[#This Row],[End year]]-Table1[[#This Row],[Starting year]] -> 8 | F75: Unknown | G75: M | H75: Unknown | I75: 18
A76: Paul John Knowles | B76: United States | C76: 1974 | D76: 1974 | E76: =Table1[[#This Row],[End year]]-Table1[[#This Row],[Starting year]] -> 0 | F76: 16917 | G76: M | H76: =VLOOKUP(DATE(2023,MONTH(F76),DAY(F76)),Signs!A:C,3) -> Taurus | I76: 18
A77: Thierry Paulin | B77: France | C77: 1984 | D77: 1987 | E77: =Table1[[#This Row],[End year]]-Table1[[#This Row],[Starting year]] -> 3 | F77: 23343 | G77: M | H77: =VLOOKUP(DATE(2023,MONTH(F77),DAY(F77)),Signs!A:C,3) -> Sagittarius | I77: 18
A78: Randall Woodfield | B78: United States | C78: 1979 | D78: 1981 | E78: =Table1[[#This Row],[End year]]-Table1[[#This Row],[Starting year]] -> 2 | F78: 18623 | G78: M | H78: =VLOOKUP(DATE(2023,MONTH(F78),DAY(F78)),Signs!A:C,3) -> Capricorn | I78: 18
A79: Umesh Reddy | B79: India | C79: 1996 | D79: 2002 | E79: =Table1[[#This Row],[End year]]-Table1[[#This Row],[Starting year]] -> 6 | F79: Unknown | G79: M | H79: Unknown | I79: 18
A80: Christopher Mhlengwa Zikode | B80: South Africa | C80: 1994 | D80: 1995 | E80: =Table1[[#This Row],[End year]]-Table1[[#This Row],[Starting year]] -> 1 | F80: Unknown | G80: M | H80: Unknown | I80: 18
A81: Asande Baninzi | B81: South Africa | C81: 2001 | D81: 2001 | E81: =Table1[[#This Row],[End year]]-Table1[[#This Row],[Starting year]] -> 0 | F81: Unknown | G81: M | H81: Unknown | I81: 18
A82: Huang Yong | B82: China | C82: 2001 | D82: 2003 | E82: =Table1[[#This Row],[End year]]-Table1[[#This Row],[Starting year]] -> 2 | F82: 27351 | G82: M | H82: =VLOOKUP(DATE(2023,MONTH(F82),DAY(F82)),Signs!A:C,3) -> Scorpio | I82: 17
A83: Pedro Pablo Nakada Ludeña | B83: Peru | C83: 2005 | D83: 2006 | E83: =Table1[[#This Row],[End year]]-Table1[[#This Row],[Starting year]] -> 1 | F83: 26723 | G83: M | H83: =VLOOKUP(DATE(2023,MONTH(F83),DAY(F83)),Signs!A:C,3) -> Pisces | I83: 17
A84: Darbara Singh | B84: India | C84: 2004 | D84: 2004 | E84: =Table1[[#This Row],[End year]]-Table1[[#This Row],[Starting year]] -> 0 | F84: 5885 | G84: M | H84: =VLOOKUP(DATE(2023,MONTH(F84),DAY(F84)),Signs!A:C,3) -> Aquarius | I84: 17
A85: Sergei Dovzhenko | B85: Ukraine | C85: 1992 | D85: 2002 | E85: =Table1[[#This Row],[End year]]-Table1[[#This Row],[Starting year]] -> 10 | F85: 26480 | G85: M | H85: =VLOOKUP(DATE(2023,MONTH(F85),DAY(F85)),Signs!A:C,3) -> Cancer | I85: 17
A86: Donato Bilancia | B86: Italy | C86: 1997 | D86: 1998 | E86: =Table1[[#This Row],[End year]]-Table1[[#This Row],[Starting year]] -> 1 | F86: 18819 | G86: M | H86: =VLOOKUP(DATE(2023,MONTH(F86),DAY(F86)),Signs!A:C,3) -> Cancer | I86: 17
A87: Irina Gaidamachuk | B87: Russia | C87: 2002 | D87: 2010 | E87: =Table1[[#This Row],[End year]]-Table1[[#This Row],[Starting year]] -> 8 | F87: 26367 | G87: F | H87: =VLOOKUP(DATE(2023,MONTH(F87),DAY(F87)),Signs!A:C,3) -> Pisces | I87: 17
A88: Randy Steven Kraft | B88: United States | C88: 1971 | D88: 1983 | E88: =Table1[[#This Row],[End year]]-Table1[[#This Row],[Starting year]] -> 12 | F88: 16515 | G88: M | H88: =VLOOKUP(DATE(2023,MONTH(F88),DAY(F88)),Signs!A:C,3) -> Pisces | I88: 16
A89: Mohammed Bijeh | B89: Iran | C89: 2004 | D89: 2004 | E89: =Table1[[#This Row],[End year]]-Table1[[#This Row],[Starting year]] -> 0 | F89: 29624 | G89: M | H89: =VLOOKUP(DATE(2023,MONTH(F89),DAY(F89)),Signs!A:C,3) -> Aquarius | I89: 16
A90: Michel Fourniret | B90: France | C90: 1987 | D90: 2001 | E90: =Table1[[#This Row],[End year]]-Table1[[#This Row],[Starting year]] -> 14 | F90: 15435 | G90: M | H90: =VLOOKUP(DATE(2023,MONTH(F90),DAY(F90)),Signs!A:C,3) -> Aries | I90: 16
A91: Sipho Agmatir Thwala | B91: South Africa | C91: 1996 | D91: 1997 | E91: =Table1[[#This Row],[End year]]-Table1[[#This Row],[Starting year]] -> 1 | F91: Unknown | G91: M | H91: Unknown | I91: 16
A92: Saeed Hanaei | B92: Iran | C92: 2000 | D92: 2001 | E92: =Table1[[#This Row],[End year]]-Table1[[#This Row],[Starting year]] -> 1 | F92: 22741 | G92: M | H92: =VLOOKUP(DATE(2023,MONTH(F92),DAY(F92)),Signs!A:C,3) -> Aries | I92: 16
A93: Jeffrey Dahmer | B93: United States | C93: 1978 | D93: 1991 | E93: =Table1[[#This Row],[End year]]-Table1[[#This Row],[Starting year]] -> 13 | F93: 22057 | G93: M | H93: =VLOOKUP(DATE(2023,MONTH(F93),DAY(F93)),Signs!A:C,3) -> Gemini | I93: 16
A94: José Antonio Rodríguez Vega | B94: Spain | C94: 1987 | D94: 1988 | E94: =Table1[[#This Row],[End year]]-Table1[[#This Row],[Starting year]] -> 1 | F94: 21157 | G94: M | H94: =VLOOKUP(DATE(2023,MONTH(F94),DAY(F94)),Signs!A:C,3) -> Sagittarius | I94: 16
A95: Elias Xitavhudzi | B95: South Africa | C95: 1955 | D95: 1960 | E95: =Table1[[#This Row],[End year]]-Table1[[#This Row],[Starting year]] -> 5 | F95: Unknown | G95: M | H95: Unknown | I95: 16
A96: Jimmy Maketta | B96: South Africa | C96: 2005 | D96: 2005 | E96: =Table1[[#This Row],[End year]]-Table1[[#This Row],[Starting year]] -> 0 | F96: Unknown | G96: M | H96: Unknown | I96: 16
A97: Jack Mogale | B97: South Africa | C97: 2008 | D97: 2009 | E97: =Table1[[#This Row],[End year]]-Table1[[#This Row],[Starting year]] -> 1 | F97: Unknown | G97: M | H97: Unknown | I97: 16
A98: Robert Lee Yates | B98: United States | C98: 1975 | D98: 1998 | E98: =Table1[[#This Row],[End year]]-Table1[[#This Row],[Starting year]] -> 23 | F98: 19141 | G98: M | H98: =VLOOKUP(DATE(2023,MONTH(F98),DAY(F98)),Signs!A:C,3) -> Gemini | I98: 16
A99: Carroll Cole | B99: United States | C99: 1948 | D99: 1980 | E99: =Table1[[#This Row],[End year]]-Table1[[#This Row],[Starting year]] -> 32 | F99: 14009 | G99: M | H99: =VLOOKUP(DATE(2023,MONTH(F99),DAY(F99)),Signs!A:C,3) -> Taurus | I99: 16
A100: Charles Ray Hatcher | B100: United States | C100: 1969 | D100: 1982 | E100: =Table1[[#This Row],[End year]]-Table1[[#This Row],[Starting year]] -> 13 | F100: 10790 | G100: M | H100: =VLOOKUP(DATE(2023,MONTH(F100),DAY(F100)),Signs!A:C,3) -> Cancer | I100: 16
...

Sheet Comparisons
B1: Zodiac of the killer | C1: Amount of killers
B2: Unknown | C2: =COUNTIF(Data!H:H,B2) -> 83
B3: Capricorn | C3: =COUNTIF(Data!H:H,B3) -> 24
B4: Pisces | C4: =COUNTIF(Data!H:H,B4) -> 24
B5: Scorpio | C5: =COUNTIF(Data!H:H,B5) -> 24
B6: Sagittarius | C6: =COUNTIF(Data!H:H,B6) -> 23
B7: Aries | C7: =COUNTIF(Data!H:H,B7) -> 21
B8: Aquarius | C8: =COUNTIF(Data!H:H,B8) -> 20
B9: Cancer | C9: =COUNTIF(Data!H:H,B9) -> 20
B10: Taurus | C10: =COUNTIF(Data!H:H,B10) -> 17
B11: Gemini | C11: =COUNTIF(Data!H:H,B11) -> 17
B12: Libra | C12: =COUNTIF(Data!H:H,B12) -> 14
B13: Virgo | C13: =COUNTIF(Data!H:H,B13) -> 12
B14: Leo | C14: =COUNTIF(Data!H:H,B14) -> 10
B17: Gender of the killer | C17: Amount
B18: M | C18: =COUNTIF(Data!G:G,B18) -> 274
B19: F | C19: =COUNTIF(Data!G:G,B19) -> 19
B20: U | C20: =COUNTIF(Data!G:G,B20) -> 16
B23: Zodiac of the killer | C23: Proven Victims
B24: Unknown | C24: =SUMIF(Table1[Zodiac sign],B24,Table1[Proven victims]) -> 1518
B25: Aquarius | C25: =SUMIF(Table1[Zodiac sign],B25,Table1[Proven victims]) -> 574
B26: Scorpio | C26: =SUMIF(Table1[Zodiac sign],B26,Table1[Proven victims]) -> 446
B27: Capricorn | C27: =SUMIF(Table1[Zodiac sign],B27,Table1[Proven victims]) -> 401
B28: Pisces | C28: =SUMIF(Table1[Zodiac sign],B28,Table1[Proven victims]) -> 365
B29: Aries | C29: =SUMIF(Table1[Zodiac sign],B29,Table1[Proven victims]) -> 331
B30: Libra | C30: =SUMIF(Table1[Zodiac sign],B30,Table1[Proven victims]) -> 315
B31: Sagittarius | C31: =SUMIF(Table1[Zodiac sign],B31,Table1[Proven victims]) -> 294
B32: Cancer | C32: =SUMIF(Table1[Zodiac sign],B32,Table1[Proven victims]) -> 251
B33: Gemini | C33: =SUMIF(Table1[Zodiac sign],B33,Table1[Proven victims]) -> 226
B34: Taurus | C34: =SUMIF(Table1[Zodiac sign],B34,Table1[Proven victims]) -> 196
B35: Leo | C35: =SUMIF(Table1[Zodiac sign],B35,Table1[Proven victims]) -> 176
B36: Virgo | C36: =SUMIF(Table1[Zodiac sign],B36,Table1[Proven victims]) -> 132
B39: Country of origin | C39: Count of killers
B40: United States | C40: =COUNTIF(Data!B:B,B40) -> 96
B41: Russia | C41: =COUNTIF(Data!B:B,B41) -> 40
B42: South Africa | C42: =COUNTIF(Data!B:B,B42) -> 19
B43: United Kingdom | C43: =COUNTIF(Data!B:B,B43) -> 13
B44: India | C44: =COUNTIF(Data!B:B,B44) -> 10
B45: China | C45: =COUNTIF(Data!B:B,B45) -> 9
B46: Brazil | C46: =COUNTIF(Data!B:B,B46) -> 8
B47: France | C47: =COUNTIF(Data!B:B,B47) -> 8
B48: Colombia | C48: =COUNTIF(Data!B:B,B48) -> 7
B49: Germany | C49: =COUNTIF(Data!B:B,B49) -> 7
B50: Japan | C50: =COUNTIF(Data!B:B,B50) -> 6
B51: Other | C51: 86
B52: Total | C52: =SUBTOTAL(109,Table5[Count of killers]) -> 309

Sheet Signs
A1: 44927 | B1: 44945 | C1: Capricorn
A2: 44946 | B2: 44975 | C2: Aquarius
A3: 44976 | B3: 45005 | C3: Pisces
A4: 45006 | B4: 45035 | C4: Aries
A5: 45036 | B5: 45066 | C5: Taurus
A6: 45067 | B6: 45097 | C6: Gemini
A7: 45098 | B7: 45129 | C7: Cancer
A8: 45130 | B8: 45160 | C8: Leo
A9: 45161 | B9: 45191 | C9: Virgo
A10: 45192 | B10: 45222 | C10: Libra
A11: 45223 | B11: 45251 | C11: Scorpio
A12: 45252 | B12: 45281 | C12: Sagittarius
A13: 45282 | B13: 45290 | C13: Capricorn
